Source,ParentUrl,Url,Depth,Title,StatusCode,ContentType,LoadTimeSeconds,WordCount
"Google","https://aniagotuje.pl/przepisy/dania-miesne","https://aniagotuje.pl/przepisy/dania-miesne",0,"Co na obiad | AniaGotuje.pl",200,"text/html",196.63,4367
"Google","https://aniagotuje.pl/przepisy/dania-miesne","https://aniagotuje.pl/przepisy/ciasta-i-torty",1,"Ciasta | AniaGotuje.pl",200,"text/html",39.39,4694
"Google","https://aniagotuje.pl/przepisy/dania-miesne","https://aniagotuje.pl/",1,"Ania Gotuje | Tylko najlepsze przepisy",200,"text/html",47.97,4776
"Google","https://aniagotuje.pl/przepisy/dania-miesne","https://aniagotuje.pl/info/wspolpraca",1,"Ania Gotuje - Współpraca",200,"text/html",42.58,1907
"Google","https://aniagotuje.pl/przepisy/dania-miesne","https://aniagotuje.pl/user/login",1,"Logowanie | AniaGotuje.pl",200,"text/html",48.27,1442
"Google","https://aniagotuje.pl/przepisy/dania-miesne","https://aniagotuje.pl/przepisy/ciasteczka",1,"Ciasteczka | AniaGotuje.pl",200,"text/html",90.73,4285
"Google","https://aniagotuje.pl/przepisy/dania-miesne","https://aniagotuje.pl/przepisy/desery",1,"Desery | AniaGotuje.pl",200,"text/html",69.80,4467
"Google","https://aniagotuje.pl/przepisy/dania-miesne","https://aniagotuje.pl/przepisy/babeczki-i-muffiny",1,"Babeczki | AniaGotuje.pl",200,"text/html",66.48,4444
"Google","https://aniagotuje.pl/przepisy/dania-miesne","https://aniagotuje.pl/przepisy/paczki-i-oponki",1,"Proste przepisy na pączki | AniaGotuje.pl",200,"text/html",63.42,4149
"Google","https://aniagotuje.pl/przepisy/dania-miesne","https://aniagotuje.pl/przepisy/serniki",1,"Serniki | AniaGotuje.pl",200,"text/html",68.66,4461
"Google","https://aniagotuje.pl/przepisy/dania-miesne","https://aniagotuje.pl/przepisy/nalesniki-i-placki",1,"Naleśniki, placki i racuchy | AniaGotuje.pl",200,"text/html",95.08,4473
"Google","https://aniagotuje.pl/przepisy/dania-miesne","https://aniagotuje.pl/przepisy/chleby-i-bulki",1,"Przepisy na chleb | AniaGotuje.pl",200,"text/html",52.65,4589
"Google","https://aniagotuje.pl/przepisy/dania-miesne","https://aniagotuje.pl/przepisy/dania-bez-miesa",1,"Obiad bez mięsa | AniaGotuje.pl",200,"text/html",65.30,4491
"Google","https://aniagotuje.pl/przepisy/dania-miesne","https://aniagotuje.pl/przepisy/dania-rybne",1,"Ryby przepisy | AniaGotuje.pl",200,"text/html",67.33,4180
"Google","https://aniagotuje.pl/przepisy/dania-miesne","https://aniagotuje.pl/przepisy/dania-na-slodko",1,"Dania na słodko | AniaGotuje.pl",200,"text/html",70.70,4058
"Google","https://aniagotuje.pl/przepisy/dania-miesne","https://aniagotuje.pl/przepisy/zupy",1,"Zupy | AniaGotuje.pl",200,"text/html",45.82,4387
"Google","https://aniagotuje.pl/przepisy/dania-miesne","https://aniagotuje.pl/przepisy/salatki-i-surowki",1,"Sałatki | AniaGotuje.pl",200,"text/html",45.97,4489
"Google","https://aniagotuje.pl/przepisy/dania-miesne","https://aniagotuje.pl/przepisy/sosy-i-pasty",1,"Przepisy na sosy | AniaGotuje.pl",200,"text/html",69.90,4217
"Google","https://aniagotuje.pl/przepisy/dania-miesne","https://aniagotuje.pl/przepisy/przekaski",1,"Przekąski na imprezę | AniaGotuje.pl",200,"text/html",43.64,4621
"Google","https://aniagotuje.pl/przepisy/dania-miesne","https://aniagotuje.pl/przepisy/przetwory",1,"Przetwory | AniaGotuje.pl",200,"text/html",77.42,4750
"Google","https://aniagotuje.pl/przepisy/dania-miesne","https://aniagotuje.pl/przepisy/napoje-i-koktajle",1,"Koktajle | AniaGotuje.pl",200,"text/html",67.81,4849
"Google","https://aniagotuje.pl/przepisy/dania-miesne","https://aniagotuje.pl/przepisy/drinki-i-nalewki",1,"Drinki i nalewki | AniaGotuje.pl",200,"text/html",43.91,4128
"Google","https://aniagotuje.pl/przepisy/dania-miesne","https://aniagotuje.pl/przepisy/lody-domowe",1,"Lody domowe | AniaGotuje.pl",200,"text/html",43.71,4572
"Google","https://aniagotuje.pl/przepisy/dania-miesne","https://aniagotuje.pl/przepisy/porady",1,"Triki kuchenne | AniaGotuje.pl",200,"text/html",76.74,3827
"Google","https://aniagotuje.pl/przepisy/dania-miesne","https://aniagotuje.pl/pomysl-na/sniadanie",1,"Pomysł na śniadanie | AniaGotuje.pl",200,"text/html",64.98,4443
"Google","https://aniagotuje.pl/przepisy/dania-miesne","https://aniagotuje.pl/pomysl-na/obiad",1,"Pomysł na obiad | AniaGotuje.pl",200,"text/html",123.83,4432
"Google","https://aniagotuje.pl/przepisy/dania-miesne","https://aniagotuje.pl/pomysl-na/kolacja",1,"Pomysł na kolację | AniaGotuje.pl",200,"text/html",67.60,4248
"Google","https://aniagotuje.pl/przepisy/dania-miesne","https://aniagotuje.pl/okazja/halloween",1,"Jedzenia na halloween | AniaGotuje.pl",200,"text/html",78.87,4036
"Google","https://aniagotuje.pl/przepisy/dania-miesne","https://aniagotuje.pl/okazja/sylwester",1,"Przepisy na Sylwestra | AniaGotuje.pl",200,"text/html",61.80,4244
"Google","https://aniagotuje.pl/przepisy/dania-miesne","https://aniagotuje.pl/okazja/tlusty-czwartek",1,"Tłusty Czwartek | AniaGotuje.pl",200,"text/html",66.09,4553
"Google","https://www.przepisy.pl/przepisy/dania-i-przekaski/dania-glowne/dania-z-miesem","https://www.przepisy.pl/przepisy/dania-i-przekaski/dania-glowne/dania-z-miesem",0,"",403,"text/html",238.10,0
"Google","https://poprostupycha.com.pl/przepisy/obiady/dania-miesne/","https://poprostupycha.com.pl/przepisy/obiady/dania-miesne/",0,"Przepisy na dania mięsne na gorąco i z piekarnika - Po Prostu Pycha",200,"text/html",780.88,9606
"Google","https://poprostupycha.com.pl/przepisy/obiady/dania-miesne/","https://poprostupycha.com.pl/",1,"Po Prostu Pycha - Sprawdzone przepisy kulinarne - Blog kulinarny",200,"text/html",84.71,7089
"Google","https://poprostupycha.com.pl/przepisy/obiady/dania-miesne/","https://poprostupycha.com.pl/search/nale%C5%9Bniki",1,"Wyniki wyszukiwania 'naleśniki' - Po Prostu Pycha",200,"text/html",63.02,8432
"Google","https://poprostupycha.com.pl/przepisy/obiady/dania-miesne/","https://poprostupycha.com.pl/search/pizza",1,"Wyniki wyszukiwania 'pizza' - Po Prostu Pycha",200,"text/html",63.11,8830
"Google","https://poprostupycha.com.pl/przepisy/obiady/dania-miesne/","https://poprostupycha.com.pl/ulubione/",1,"Logowanie - Po Prostu Pycha",200,"text/html",402.01,5244
"Google","https://poprostupycha.com.pl/przepisy/obiady/dania-miesne/","https://poprostupycha.com.pl/search/sernik",1,"Wyniki wyszukiwania 'sernik' - Po Prostu Pycha",200,"text/html",54.33,8593
"Google","https://poprostupycha.com.pl/przepisy/obiady/dania-miesne/","https://poprostupycha.com.pl/login/",1,"Logowanie - Po Prostu Pycha",200,"text/html",46.30,5554
"Google","https://poprostupycha.com.pl/przepisy/obiady/dania-miesne/","https://poprostupycha.com.pl/przepisy/popularne/",1,"Popularne - Przepisy od Po Prostu Pycha",200,"text/html",92.33,8753
"Google","https://poprostupycha.com.pl/przepisy/obiady/dania-miesne/","https://poprostupycha.com.pl/przepisy/slodkosci/",1,"Przepisy na słodkości i ciasta - Po Prostu Pycha",200,"text/html",621.54,10002
"Google","https://poprostupycha.com.pl/przepisy/obiady/dania-miesne/","https://poprostupycha.com.pl/przepisy/slodkosci/babeczki-i-muffiny/",1,"Przepisy na babeczki i muffiny - Po Prostu Pycha",200,"text/html",43.97,9238
"Google","https://poprostupycha.com.pl/przepisy/obiady/dania-miesne/","https://poprostupycha.com.pl/przepisy/slodkosci/ciasta/bez-pieczenia/",1,"Proste przepisy bez pieczenia na ciasta i desery - Po Prostu Pycha",200,"text/html",598.67,9975
"Google","https://poprostupycha.com.pl/przepisy/obiady/dania-miesne/","https://poprostupycha.com.pl/przepisy/slodkosci/bezy/",1,"Bezy - Przepisy od Po Prostu Pycha",200,"text/html",50.15,6723
"Google","https://poprostupycha.com.pl/przepisy/obiady/dania-miesne/","https://poprostupycha.com.pl/przepisy/slodkosci/ciasta/",1,"Ciasta - Przepisy od Po Prostu Pycha",200,"text/html",685.43,10075
"Google","https://poprostupycha.com.pl/przepisy/obiady/dania-miesne/","https://poprostupycha.com.pl/przepisy/slodkosci/ciasta/ciasta-biszkoptowe/",1,"Przepisy na ciasta na biszkopcie i babki wielkanocne - Po Prostu Pycha",200,"text/html",67.12,9311
"Google","https://poprostupycha.com.pl/przepisy/obiady/dania-miesne/","https://poprostupycha.com.pl/przepisy/slodkosci/ciasta/ciasta-drozdzowe/",1,"Przepisy na ciasta drożdżowe z kruszonką, serem i owocami - Po Prostu Pycha",200,"text/html",93.31,9346
"Google","https://poprostupycha.com.pl/przepisy/obiady/dania-miesne/","https://poprostupycha.com.pl/przepisy/slodkosci/ciasta/ciasta-kruche/",1,"Przepisy na ciasta i wypieki na kruchym cieście - Po Prostu Pycha",200,"text/html",55.66,9385
"Google","https://poprostupycha.com.pl/przepisy/obiady/dania-miesne/","https://poprostupycha.com.pl/przepisy/slodkosci/ciasta/ciasta-ucierane/",1,"Łatwe przepisy na ciasta ucierane z truskawkami i jabłkami - Po Prostu Pycha",200,"text/html",131.67,8878
"Google","https://poprostupycha.com.pl/przepisy/obiady/dania-miesne/","https://poprostupycha.com.pl/przepisy/slodkosci/ciasta/ciasta-z-owocami/",1,"Sprawdzone przepisy na ciasta z owocami sezonowymi - Po Prostu Pycha",200,"text/html",544.34,9557
"Google","https://poprostupycha.com.pl/przepisy/obiady/dania-miesne/","https://poprostupycha.com.pl/przepisy/slodkosci/ciasteczka/",1,"Przepisy kulinarne na szybkie i dobre ciastka - Po Prostu Pycha",200,"text/html",77.34,9315
"Google","https://poprostupycha.com.pl/przepisy/obiady/dania-miesne/","https://poprostupycha.com.pl/przepisy/slodkosci/czekolada/",1,"Czekolada - Przepisy od Po Prostu Pycha",200,"text/html",61.80,8636
"Google","https://poprostupycha.com.pl/przepisy/obiady/dania-miesne/","https://poprostupycha.com.pl/przepisy/slodkosci/desery/",1,"Dobre przepisy na pyszne i szybkie desery - Po Prostu Pycha",200,"text/html",90.67,9489
"Google","https://poprostupycha.com.pl/przepisy/obiady/dania-miesne/","https://poprostupycha.com.pl/przepisy/slodkosci/gofry/",1,"Przepisy na chrupiące i domowe gofry - Po Prostu Pycha",200,"text/html",59.02,6710
"Google","https://poprostupycha.com.pl/przepisy/obiady/dania-miesne/","https://poprostupycha.com.pl/przepisy/slodkosci/ciasta/pierniki/",1,"Przepisy na pierniki świąteczne i bożonarodzeniowe - Po Prostu Pycha",200,"text/html",56.93,6982
"Google","https://poprostupycha.com.pl/przepisy/obiady/dania-miesne/","https://poprostupycha.com.pl/przepisy/slodkosci/nalesniki-i-omlety/",1,"Przepisy na omlety i naleśniki na słodko i słono - Po Prostu Pycha",200,"text/html",58.85,8706
"Google","https://poprostupycha.com.pl/przepisy/obiady/dania-miesne/","https://poprostupycha.com.pl/przepisy/slodkosci/platki-owsiane/",1,"Przepisy z płatkami owsianymi na ciastka, batoniki i omlety - Po Prostu Pycha",200,"text/html",54.71,8962
"Google","https://poprostupycha.com.pl/przepisy/obiady/dania-miesne/","https://poprostupycha.com.pl/przepisy/slodkosci/rogaliki/",1,"Rogaliki - Przepisy od Po Prostu Pycha",200,"text/html",74.99,8027
"Google","https://poprostupycha.com.pl/przepisy/obiady/dania-miesne/","https://poprostupycha.com.pl/przepisy/slodkosci/ciasta/serniki/",1,"Przepisy kulinarne na serniki pieczone i na zimno - Po Prostu Pycha",200,"text/html",596.05,9415
"Google","https://poprostupycha.com.pl/przepisy/obiady/dania-miesne/","https://poprostupycha.com.pl/przepisy/slodkosci/tarty-na-slodko/",1,"Przepisy na tarty na słodko z truskawkami i jabłkami - Po Prostu Pycha",200,"text/html",59.87,9310
"Google","https://poprostupycha.com.pl/przepisy/obiady/dania-miesne/","https://poprostupycha.com.pl/przepisy/slodkosci/tlusty-czwartek/",1,"Przepisy na tłusty czwartek - łatwe i dobre - Po Prostu Pycha",200,"text/html",62.47,8962
"Google","https://poprostupycha.com.pl/przepisy/obiady/dania-miesne/","https://poprostupycha.com.pl/przepisy/slodkosci/torty/",1,"Torty - Przepisy od Po Prostu Pycha",200,"text/html",93.54,8449
"Google","https://www.przepisy.pl/przepisy/szukaj/obiad-prosty-mieso","https://www.przepisy.pl/przepisy/szukaj/obiad-prosty-mieso",0,"",403,"text/html",148.71,0
"Google","https://kuchnialidla.pl/przepisy/dania-glowne/dania-miesne","https://kuchnialidla.pl/przepisy/dania-glowne/dania-miesne",0,"Ponad 810 najlepszych przepisów na dania mięsne • Kuchnia Lidla",200,"text/html",2082.85,8094
"Google","https://kuchnialidla.pl/przepisy/dania-glowne/dania-miesne","https://kuchnialidla.pl/",1,"Przepisy kulinarne • Porady, inspiracje, triki • Kuchnia Lidla",200,"text/html",4935.37,7241
"Google","https://kuchnialidla.pl/przepisy/dania-glowne/dania-miesne","https://kuchnialidla.pl/przepisy/salatki",1,"Sałatki — przepisy i pomysły • Kuchnia Lidla",200,"text/html",2269.61,9261
"Google","https://kuchnialidla.pl/przepisy/dania-glowne/dania-miesne","https://kuchnialidla.pl/przepisy/przetwory",1,"Ponad 120 najlepszych przepisów na przetwory • Kuchnia Lidla",200,"text/html",1969.54,8122
"Google","https://kuchnialidla.pl/przepisy/dania-glowne/dania-miesne","https://kuchnialidla.pl/przepisy/napoje",1,"Ponad 160 najlepszych przepisów na napoje • Kuchnia Lidla",200,"text/html",3700.47,7417
"Google","https://kuchnialidla.pl/przepisy/dania-glowne/dania-miesne","https://kuchnialidla.pl/przepisy/fast-food",1,"Ponad 250 najlepszych przepisów na fast foody • Kuchnia Lidla",200,"text/html",1507.22,7706
"Google","https://kuchnialidla.pl/przepisy/dania-glowne/dania-miesne","https://kuchnialidla.pl/przepisy/sniadania",1,"Ponad 660 najlepszych przepisów na śniadania • Kuchnia Lidla",200,"text/html",3542.59,7974
"Google","https://kuchnialidla.pl/przepisy/dania-glowne/dania-miesne","https://kuchnialidla.pl/przepisy/przekaski-na-impreze",1,"Szybkie przekąski na imprezę. Ponad 710 przepisów • Kuchnia Lidla",200,"text/html",2077.30,8115
"Google","https://kuchnialidla.pl/przepisy/dania-glowne/dania-miesne","https://kuchnialidla.pl/przepisy/ciastka",1,"Przepisy na ciasta • Najlepsze pomysły • Kuchnia Lidla",200,"text/html",679.71,8899
"Google","https://kuchnialidla.pl/przepisy/dania-glowne/dania-miesne","https://kuchnialidla.pl/przepisy/desery",1,"Ponad 500 najlepszych przepisów na desery • Kuchnia Lidla",200,"text/html",2783.81,7913
"Google","https://kuchnialidla.pl/przepisy/dania-glowne/dania-miesne","https://kuchnialidla.pl/przepisy/halloween",1,"Halloween • Przepisy • Kuchnia Lidla",200,"text/html",649.31,7592
"Google","https://kuchnialidla.pl/przepisy/dania-glowne/dania-miesne","https://kuchnialidla.pl/przepisy/boze-narodzenie",1,"",0,"unknown",15041.69,0
"Google","https://kuchnialidla.pl/przepisy/dania-glowne/dania-miesne","https://kuchnialidla.pl/przepisy/ciasteczka",1,"Ciastka • Przepisy • Kuchnia Lidla",200,"text/html",2780.09,7796
"Google","https://kuchnialidla.pl/przepisy/dania-glowne/dania-miesne","https://kuchnialidla.pl/przepisy",1,"",0,"unknown",15020.07,0
"Google","https://kuchnialidla.pl/przepisy/dania-glowne/dania-miesne","https://kuchnialidla.pl/przepisy/weganskie-swieta",1,"Wegańskie Święta • Przepisy • Kuchnia Lidla",200,"text/html",1592.74,7642
"Google","https://kuchnialidla.pl/przepisy/dania-glowne/dania-miesne","https://kuchnialidla.pl/przepisy/rodzinne-przepisy",1,"Ponad 1940 najlepszych przepisów na rodzinną ucztę • Kuchnia Lidla",200,"text/html",947.89,8296
"Google","https://kuchnialidla.pl/przepisy/dania-glowne/dania-miesne","https://kuchnialidla.pl/przepisy/dania-glowne",1,"",0,"unknown",15009.06,0
"Google","https://kuchnialidla.pl/przepisy/dania-glowne/dania-miesne","https://kuchnialidla.pl/przepisy/na-impreze",1,"Ponad 1110 najlepszych przepisów na imprezowe przekąski • Kuchnia Lidla",200,"text/html",568.29,7864
"Google","https://kuchnialidla.pl/przepisy/dania-glowne/dania-miesne","https://kuchnialidla.pl/przepisy/zupy",1,"",0,"unknown",15008.27,0
"Google","https://kuchnialidla.pl/przepisy/dania-glowne/dania-miesne","https://kuchnialidla.pl/przepisy/romantyczna-kolacja",1,"Pomysły na romantyczną kolację • Kuchnia Lidla",200,"text/html",2002.08,9150
"Google","https://kuchnialidla.pl/przepisy/dania-glowne/dania-miesne","https://kuchnialidla.pl/przepisy/tlusty-czwartek",1,"Ponad 30 najlepszych przepisów na tłusty czwartek • Kuchnia Lidla",200,"text/html",1245.83,7605
"Google","https://kuchnialidla.pl/przepisy/dania-glowne/dania-miesne","https://kuchnialidla.pl/przepisy/przyjecie-dla-dzieci",1,"Ponad 310 najlepszych przepisów na przyjęcie dla dzieci • Kuchnia Lidla",200,"text/html",3153.81,8023
"Google","https://kuchnialidla.pl/przepisy/dania-glowne/dania-miesne","https://kuchnialidla.pl/przepisy/wielkanoc",1,"Ponad 250 najlepszych przepisów na Wielkanoc • Kuchnia Lidla",200,"text/html",852.26,7931
"Google","https://kuchnialidla.pl/przepisy/dania-glowne/dania-miesne","https://kuchnialidla.pl/przepisy/walentynki",1,"Ponad 210 najlepszych przepisów na romantyczne chwile we dwoje • Kuchnia Lidla",200,"text/html",3025.44,7588
"Google","https://kuchnialidla.pl/przepisy/dania-glowne/dania-miesne","https://kuchnialidla.pl/przepisy/grill",1,"Ponad 260 najlepszych przepisów na grilla • Kuchnia Lidla",200,"text/html",1540.79,7973
"Google","https://kuchnialidla.pl/przepisy/dania-glowne/dania-miesne","https://kuchnialidla.pl/przepisy/kuchnia-amerykanska",1,"Kuchnia amerykańska • Ponad 260 przepisów • Kuchnia Lidla",200,"text/html",780.79,8086
"Google","https://kuchnialidla.pl/przepisy/dania-glowne/dania-miesne","https://kuchnialidla.pl/przepisy/piknik",1,"Ponad 390 najlepszych przepisów na piknik • Kuchnia Lidla",200,"text/html",3873.86,7800
"Google","https://kuchnialidla.pl/przepisy/dania-glowne/dania-miesne","https://kuchnialidla.pl/przepisy/kuchnia-azjatycka",1,"Kuchnia azjatycka • Ponad 280 przepisów • Kuchnia Lidla",200,"text/html",2076.71,8465
"Google","https://kuchnialidla.pl/przepisy/dania-glowne/dania-miesne","https://kuchnialidla.pl/przepisy/kuchnia-francuska",1,"Kuchnia francuska • Ponad 220 przepisów • Kuchnia Lidla",200,"text/html",834.74,8289
"Google","https://kuchnialidla.pl/przepisy/dania-glowne/dania-miesne","https://kuchnialidla.pl/przepisy/kuchnia-czeska",1,"Kuchnia czeska • Ponad 20 przepisów • Kuchnia Lidla",200,"text/html",4041.93,7515
"Google","https://pl.pinterest.com/baska56/dania-mi%C4%99sne/","https://pl.pinterest.com/baska56/dania-mi%C4%99sne/",0,"Pomysły (900+) na temat DANIA MIĘSNE, które możesz zapisać już dziś | gotowanie, przepisy kulinarne, jedzenie i nie tylko",200,"text/html",1263.84,21690
"Google","https://pl.pinterest.com/baska56/dania-mi%C4%99sne/","https://pl.pinterest.com/",1,"Pinterest - Polska",200,"text/html",347.71,5950
"Google","https://pl.pinterest.com/baska56/dania-mi%C4%99sne/","https://pl.pinterest.com/baska56/",1,"Baśka 56 (baska56) - Profile | Pinterest",200,"text/html",966.65,16717
"Google","https://pl.pinterest.com/baska56/dania-mi%C4%99sne/","https://pl.pinterest.com/search/pins/?q=Fried%20chicken%20cutlets&rs=blp",1,"Pinterest - Polska",200,"text/html",436.55,5965
"Google","https://pl.pinterest.com/baska56/dania-mi%C4%99sne/","https://pl.pinterest.com/search/pins/?q=Homemade%20yogurt%20recipes&rs=blp",1,"Pinterest - Polska",200,"text/html",508.94,5965
"Google","https://pl.pinterest.com/baska56/dania-mi%C4%99sne/","https://pl.pinterest.com/ideas",1,"Explore the best of Pinterest",200,"text/html",4156.03,28281
"Google","https://pl.pinterest.com/baska56/dania-mi%C4%99sne/","https://pl.pinterest.com/search/pins/?q=Spicy%20fried%20chicken&rs=blp",1,"Pinterest - Polska",200,"text/html",527.78,5965
"Google","https://pl.pinterest.com/baska56/dania-mi%C4%99sne/","https://pl.pinterest.com/search/pins/?q=Foods%20with%20gluten&rs=blp",1,"Pinterest - Polska",200,"text/html",331.16,5965
"Google","https://pl.pinterest.com/baska56/dania-mi%C4%99sne/","https://pl.pinterest.com/search/pins/?q=German%20cucumber%20salad&rs=blp",1,"Pinterest - Polska",200,"text/html",415.78,5965
"Google","https://pl.pinterest.com/baska56/dania-mi%C4%99sne/","https://pl.pinterest.com/ideas/ethnic-recipes/910155113124/",1,"Ethnic Recipes",200,"text/html",876.05,37468
"Google","https://pl.pinterest.com/baska56/dania-mi%C4%99sne/","https://pl.pinterest.com/ideas/meat-dinners/928654191662/",1,"Meat Dinners",200,"text/html",961.72,38318
"Google","https://pl.pinterest.com/baska56/dania-mi%C4%99sne/","https://pl.pinterest.com/ideas/polish-recipes/930661386136/",1,"Polish Recipes",200,"text/html",1166.47,36753
"Google","https://pl.pinterest.com/baska56/dania-mi%C4%99sne/","https://pl.pinterest.com/ideas/workout-food/907981090503/",1,"Workout Food",200,"text/html",757.02,30252
"Google","https://pl.pinterest.com/baska56/dania-mi%C4%99sne/","https://pl.pinterest.com/ideas/food-and-drink/918530398158/",1,"Cook your next meals with recipes from Pinterest",200,"text/html",1800.60,17162
"Google","https://pl.pinterest.com/baska56/dania-mi%C4%99sne/","https://pl.pinterest.com/ideas/fried-chicken-cutlets/930686584556/",1,"Fried Chicken Cutlets",200,"text/html",1224.55,38426
"Google","https://pl.pinterest.com/baska56/dania-mi%C4%99sne/","https://pl.pinterest.com/pin/224335625187719312/",1,"Rozbijam cienko schab i smaruję go serkiem topionym. 100 razy bardziej wolę to danie od klasycznych kotletów nel 2025 | Ricette, Salute",200,"text/html",445.65,11235
"Google","https://pl.pinterest.com/baska56/dania-mi%C4%99sne/","https://pl.pinterest.com/ideas/bacon-wrapped-meat-with-potatoes/960357877091/",1,"Bacon-wrapped Meat with Potatoes",200,"text/html",1001.16,31379
"Google","https://pl.pinterest.com/baska56/dania-mi%C4%99sne/","https://pl.pinterest.com/ideas/bacon-wrapped-meat-rolls-in-skillet/922453566070/",1,"Bacon-wrapped Meat Rolls in Skillet",200,"text/html",948.86,34203
"Google","https://pl.pinterest.com/baska56/dania-mi%C4%99sne/","https://pl.pinterest.com/ideas/bacon-wrapped-meat-rolls-in-pan/952311607770/",1,"Bacon-wrapped Meat Rolls in Pan",200,"text/html",874.15,32629
"Google","https://pl.pinterest.com/baska56/dania-mi%C4%99sne/","https://pl.pinterest.com/ideas/sosie-bacon/927357510328/",1,"Sosie Bacon",200,"text/html",874.09,29888
"Google","https://pl.pinterest.com/baska56/dania-mi%C4%99sne/","https://pl.pinterest.com/ideas/polish-breaded-pork-cutlets-schabowe/915771612855/",1,"Polish Breaded Pork Cutlets Schabowe",200,"text/html",822.15,36143
"Google","https://pl.pinterest.com/baska56/dania-mi%C4%99sne/","https://pl.pinterest.com/ideas/kotlety-with-mushroom-sauce/955298423125/",1,"Kotlety with Mushroom Sauce",200,"text/html",818.16,36218
"Google","https://pl.pinterest.com/baska56/dania-mi%C4%99sne/","https://pl.pinterest.com/ideas/ranch-dressing-recipe/921919910234/",1,"Ranch Dressing Recipe",200,"text/html",843.68,35616
"Google","https://pl.pinterest.com/baska56/dania-mi%C4%99sne/","https://pl.pinterest.com/ideas/grill-party/917113833099/",1,"Grill Party",200,"text/html",849.35,32983
"Google","https://pl.pinterest.com/baska56/dania-mi%C4%99sne/","https://pl.pinterest.com/pin/224335625188065842/",1,"Ты до сих пор обваливаешь курятину для отбивных в яйце и муке? Всё гораздо проще | Ricetta | Ricette, Marinata, Torte",200,"text/html",444.51,11545
"Google","https://pl.pinterest.com/baska56/dania-mi%C4%99sne/","https://pl.pinterest.com/ideas/dip/917568434512/",1,"Dip",200,"text/html",926.30,31038
"Google","https://pl.pinterest.com/baska56/dania-mi%C4%99sne/","https://pl.pinterest.com/ideas/baked-chicken-cutlets/947805659962/",1,"Baked Chicken Cutlets",200,"text/html",905.88,37076
"Google","https://pl.pinterest.com/baska56/dania-mi%C4%99sne/","https://pl.pinterest.com/ideas/chicken-cutlets/932379065588/",1,"Chicken Cutlets",200,"text/html",868.88,37989
"Google","https://pl.pinterest.com/baska56/dania-mi%C4%99sne/","https://pl.pinterest.com/ideas/baked-chicken/905806876970/",1,"Baked Chicken",200,"text/html",978.96,37980
"Google","https://pl.pinterest.com/baska56/dania-mi%C4%99sne/","https://pl.pinterest.com/ideas/%D0%B7%D0%B4%D0%BE%D1%80%D0%BE%D0%B2%D0%BE%D0%B5-%D0%BF%D0%B8%D1%82%D0%B0%D0%BD%D0%B8%D0%B5/939331270551/",1,"Здоровое Питание",200,"text/html",751.22,20259
"Google","https://www.winiary.pl/przepis/tanie-gotowanie/miesny/","https://www.winiary.pl/przepis/tanie-gotowanie/miesny/",0,"Tanie gotowanie - przepisy na dania mięsne | WINIARY",200,"text/html",414.92,30333
"Google","https://www.winiary.pl/przepis/tanie-gotowanie/miesny/","https://www.winiary.pl/o-klubie/?utm_source=WINIARY&utm_medium=button_belka&utm_campaign=O_Klubie",1,"Klub WINIARY: z czym to się… JE*? | WINIARY",200,"text/html",52.31,3937
"Google","https://www.winiary.pl/przepis/tanie-gotowanie/miesny/","https://www.winiary.pl/",1,"WINIARY - odkrywaj przepisy na pyszne dania",200,"text/html",109.60,30921
"Google","https://www.winiary.pl/przepis/tanie-gotowanie/miesny/","https://www.winiary.pl/nasze-produkty/",1,"Produkty WINIARY idealnie dobrane do Twojej kuchni",200,"text/html",61.03,2645
"Google","https://www.winiary.pl/przepis/tanie-gotowanie/miesny/","https://www.winiary.pl/szukaj/",1,"Szukaj | Winiary",200,"text/html",60.09,2533
"Google","https://www.winiary.pl/przepis/tanie-gotowanie/miesny/","https://www.winiary.pl/majonez-dekoracyjny?tag=swieta",1,"Majonez Dekoracyjny | WINIARY",200,"text/html",110.69,5012
"Google","https://www.winiary.pl/przepis/tanie-gotowanie/miesny/","https://www.winiary.pl/mymenuplan/",1,"Zaloguj się do swojego konta | WINIARY",200,"text/html",300.63,2361
"Google","https://www.winiary.pl/przepis/tanie-gotowanie/miesny/","https://www.winiary.pl/login/?destination=my-preferences",1,"Zaloguj się do swojego konta | WINIARY",200,"text/html",191.11,2361
"Google","https://www.winiary.pl/przepis/tanie-gotowanie/miesny/","https://www.winiary.pl/pomagamy-w-gotowaniu-i-niemarnowaniu/",1,"Pomagamy w gotowaniu i niemarnowaniu | Winiary",200,"text/html",70.93,5539
"Google","https://www.winiary.pl/przepis/tanie-gotowanie/miesny/","https://www.winiary.pl/szukaj",1,"Szukaj | Winiary",200,"text/html",106.01,2533
"Google","https://www.winiary.pl/przepis/tanie-gotowanie/miesny/","https://www.winiary.pl/porady/",1,"Kulinarne inspiracje i porady od WINIARY | WINIARY",200,"text/html",69.03,3571
"Google","https://www.winiary.pl/przepis/tanie-gotowanie/miesny/","https://www.winiary.pl/kuchnia-sezonowa-jesien/",1,"Kuchnia sezonowa - jesień | Winiary",200,"text/html",94.21,13019
"Google","https://www.winiary.pl/przepis/tanie-gotowanie/miesny/","https://www.winiary.pl/przepis/air-fryer/",1,"Przepisy z airfryer | WINIARY",200,"text/html",80.09,12551
"Google","https://www.winiary.pl/przepis/tanie-gotowanie/miesny/","https://www.winiary.pl/przepisy/",1,"Przepisy na najlepsze dania od WINIARY | WINIARY",200,"text/html",94.85,4994
"Google","https://www.winiary.pl/przepis/tanie-gotowanie/miesny/","https://www.winiary.pl/przepis/obiad/",1,"Przepisy na obiad - co na obiad?| WINIARY",200,"text/html",86.89,24475
"Google","https://www.winiary.pl/przepis/tanie-gotowanie/miesny/","https://www.winiary.pl/przepis/sniadanie/",1,"Pomysły na śniadanie - przepisy i inspiracje | WINIARY",200,"text/html",84.47,13632
"Google","https://www.winiary.pl/przepis/tanie-gotowanie/miesny/","https://www.winiary.pl/przepis/kolacja/",1,"Kolacja - przepisy na pyszne dania na kolację | WINIARY",200,"text/html",91.48,21893
"Google","https://www.winiary.pl/przepis/tanie-gotowanie/miesny/","https://www.winiary.pl/przepis/dania-i-przekaski/",1,"Przepisy na dania i przekąski - pomysły i inspiracje | WINIARY",200,"text/html",76.82,18151
"Google","https://www.winiary.pl/przepis/tanie-gotowanie/miesny/","https://www.winiary.pl/przepis/desery/",1,"Najlepsze desery - przepisy i inspiracje | WINIARY",200,"text/html",82.72,13948
"Google","https://www.winiary.pl/przepis/tanie-gotowanie/miesny/","https://www.winiary.pl/przepis/okazja/",1,"Przepisy i inspiracje na dania na specjalne okazje| WINIARY",200,"text/html",90.83,16445
"Google","https://www.winiary.pl/przepis/tanie-gotowanie/miesny/","https://www.winiary.pl/kategorie-produktow/",1,"Nasze najważniejsze kategorie produktów | WINIARY",200,"text/html",63.00,2783
"Google","https://www.winiary.pl/przepis/tanie-gotowanie/miesny/","https://www.winiary.pl/majonez-dekoracyjny/?tag=swieta",1,"Majonez Dekoracyjny | WINIARY",200,"text/html",61.78,5012
"Google","https://www.winiary.pl/przepis/tanie-gotowanie/miesny/","https://www.winiary.pl/produkty/majonezy-winiary-katalog-naszych-produktow/",1,"Majonezy WINIARY - katalog naszych produktów | Winiary",200,"text/html",78.83,4616
"Google","https://www.winiary.pl/przepis/tanie-gotowanie/miesny/","https://www.winiary.pl/majonez-dekoracyjny/recykling/",1,"Majonez Dekoracyjny recykling | Winiary",200,"text/html",67.56,2555
"Google","https://www.winiary.pl/przepis/tanie-gotowanie/miesny/","https://www.winiary.pl/daj-sloikom-nowe-zycie-konkurs-Winiary/",1,"Daj słoikom nowe życie | Winiary",200,"text/html",42.07,3616
"Google","https://www.winiary.pl/przepis/tanie-gotowanie/miesny/","https://www.winiary.pl/login/?destination=Strefa-GGrill",1,"Zaloguj się do swojego konta | WINIARY",200,"text/html",175.71,2361
"Google","https://www.winiary.pl/przepis/tanie-gotowanie/miesny/","https://www.winiary.pl/login/?destination=mymenuplan",1,"Zaloguj się do swojego konta | WINIARY",200,"text/html",180.47,2361
"Google","https://www.winiary.pl/przepis/tanie-gotowanie/miesny/","https://www.winiary.pl/przepis/nie-marnujemy/",1,"Jak nie marnować jedzenia? Pomysły na smaczne dania | WINIARY",200,"text/html",105.88,21646
"Google","https://www.winiary.pl/przepis/tanie-gotowanie/miesny/","https://www.winiary.pl/porady-i-inspiracje",1,"Triki, porady i inspiracje PWGiN | WINIARY",200,"text/html",137.95,7136
"Google","https://www.winiary.pl/przepis/tanie-gotowanie/miesny/","https://www.winiary.pl/foodsharing/",1,"Foodsharing - koniec z marnowaniem | WINIARY",200,"text/html",77.03,4063
"Google","https://www.facebook.com/BlogMadameEdith/posts/klopsiki-mi%C4%99sno-warzywne-w-sosie-pomidorowym-to-super-pomys%C5%82-na-obiad-dla-ca%C5%82ej-/1180076346815146/","https://www.facebook.com/BlogMadameEdith/posts/klopsiki-mi%C4%99sno-warzywne-w-sosie-pomidorowym-to-super-pomys%C5%82-na-obiad-dla-ca%C5%82ej-/1180076346815146/",0,"Madame Edith - Klopsiki mięsno-warzywne w sosie...",200,"text/html",437.40,3518
"Google","https://www.magdam.com.pl/2019/01/5-miesnych-obiadow.html","https://www.magdam.com.pl/2019/01/5-miesnych-obiadow.html",0,"5 mięsnych obiadów, dzięki którym mąż pokocha Cię jeszcze bardziej! - Magda M. i Thermomix",200,"text/html",1844.49,10841
"Google","https://www.magdam.com.pl/2019/01/5-miesnych-obiadow.html","https://www.magdam.com.pl/2025/05/czy-warto-wymienic-tm6-na-tm7-podobienstwa-i-roznice.html",1,"Czy warto wymienić TM6 na TM7? Podobieństwa i różnice - Magda M. i Thermomix",200,"text/html",1580.29,8202
"Google","https://www.magdam.com.pl/2019/01/5-miesnych-obiadow.html","https://www.magdam.com.pl/2025/05/thermomix-tm7-czy-warto-kupic-nowosc-od-vorwerk-oferta-na-maj-2025.html",1,"Thermomix TM7 – czy warto kupić nowość od Vorwerk? Oferta na maj 2025 - Magda M. i Thermomix",200,"text/html",1786.85,8340
"Google","https://www.magdam.com.pl/2019/01/5-miesnych-obiadow.html","https://www.magdam.com.pl/2024/04/thermomix-oferta-kwiecien-2024-kup-teraz.html",1,"Thermomix - nowości i oferta KWIECIEŃ 2024 - Magda M. i Thermomix",200,"text/html",1567.43,8299
"Google","https://www.magdam.com.pl/2019/01/5-miesnych-obiadow.html","https://www.magdam.com.pl/",1,"Magda M. i Thermomix - Thermomix, gotowanie, kobiecość, macierzyństwo, dom i wnętrza",200,"text/html",1536.57,7817
"Google","https://www.magdam.com.pl/2019/01/5-miesnych-obiadow.html","https://www.magdam.com.pl/o-mnie",1,"O MNIE - Magda M. i Thermomix",200,"text/html",1525.83,5074
"Google","https://www.magdam.com.pl/2019/01/5-miesnych-obiadow.html","https://www.magdam.com.pl/category/mama-i-dziecko",1,"Mama i dziecko - Magda M. i Thermomix",200,"text/html",1523.91,7511
"Google","https://www.magdam.com.pl/2019/01/5-miesnych-obiadow.html","https://www.magdam.com.pl/category/mama-i-dziecko/fit-mama",1,"Fit mama - Magda M. i Thermomix",200,"text/html",1508.41,7497
"Google","https://www.magdam.com.pl/2019/01/5-miesnych-obiadow.html","https://www.magdam.com.pl/category/mama-i-dziecko/kreatywna-mama",1,"Kreatywna mama - Magda M. i Thermomix",200,"text/html",1519.00,7547
"Google","https://www.magdam.com.pl/2019/01/5-miesnych-obiadow.html","https://www.magdam.com.pl/category/mama-i-dziecko/lifestyle",1,"Lifestyle - Magda M. i Thermomix",200,"text/html",1509.71,7518
"Google","https://www.magdam.com.pl/2019/01/5-miesnych-obiadow.html","https://www.magdam.com.pl/category/mama-i-dziecko/madra-mama",1,"Mądra mama - Magda M. i Thermomix",200,"text/html",1484.47,7518
"Google","https://www.magdam.com.pl/2019/01/5-miesnych-obiadow.html","https://www.magdam.com.pl/category/mama-i-dziecko/mama-z-brzuszkiem",1,"Mama z brzuszkiem - Magda M. i Thermomix",200,"text/html",1466.71,7422
"Google","https://www.magdam.com.pl/2019/01/5-miesnych-obiadow.html","https://www.magdam.com.pl/category/mama-i-dziecko/sprytna-mama",1,"Sprytna mama - Magda M. i Thermomix",200,"text/html",1484.56,7521
"Google","https://www.magdam.com.pl/2019/01/5-miesnych-obiadow.html","https://www.magdam.com.pl/category/mama-i-dziecko/zadbana-mama",1,"Zadbana mama - Magda M. i Thermomix",200,"text/html",1560.38,7567
"Google","https://www.magdam.com.pl/2019/01/5-miesnych-obiadow.html","https://www.magdam.com.pl/2020/05/fit-planner-do-druku.html",1,"Fit planner do druku - monitoruj swoje postępy! - Magda M. i Thermomix",200,"text/html",1531.50,12793
"Google","https://www.magdam.com.pl/2019/01/5-miesnych-obiadow.html","https://www.magdam.com.pl/2019/10/cud-miod-catering-recenzja.html",1,"Cud i Miód - czy może być lepiej? Recenzja cateringu dietetycznego - Magda M. i Thermomix",200,"text/html",1562.30,9355
"Google","https://www.magdam.com.pl/2019/01/5-miesnych-obiadow.html","https://www.magdam.com.pl/2019/09/vitalia-holia-moje-doswiadczenia.html",1,"Moje doświadczenia z Vitalią Holia - czy schudłam i czego się nauczyłam - Magda M. i Thermomix",200,"text/html",1499.44,8566
"Google","https://www.magdam.com.pl/2019/01/5-miesnych-obiadow.html","https://www.magdam.com.pl/2019/07/holia-vs-smacznie-dopasowana-ktora-wybrac.html",1,"Vitalia Holia vs Smacznie Dopasowana - którą wybrać? - Magda M. i Thermomix",200,"text/html",1525.67,8541
"Google","https://www.magdam.com.pl/2019/01/5-miesnych-obiadow.html","https://www.magdam.com.pl/2020/04/10-prac-plastycznych-do-zrobienia-z-dzieckiem-w-maju-laurki.html",1,"10 prac plastycznych do zrobienia z dzieckiem w maju + 5 pomysłów na laurki na dzień mamy - Magda M. i Thermomix",200,"text/html",1515.38,8569
"Google","https://www.magdam.com.pl/2019/01/5-miesnych-obiadow.html","https://www.magdam.com.pl/2020/04/10-nietypowych-sposobow-na-farbowanie-i-ozdabianie-jajek.html",1,"10 nietypowych sposobów na farbowanie i ozdabianie jajek - Magda M. i Thermomix",200,"text/html",1568.52,8796
"Google","https://www.magdam.com.pl/2019/01/5-miesnych-obiadow.html","https://www.magdam.com.pl/2020/04/45-wielkanocnych-prac-dla-dzieci.html",1,"45 wielkanocnych prac dla dzieci - zajączki, jajka, kurczaczki, szablony do druku - Magda M. i Thermomix",200,"text/html",1560.75,8546
"Google","https://www.magdam.com.pl/2019/01/5-miesnych-obiadow.html","https://www.magdam.com.pl/2020/03/prace-plastyczne-dla-dzieci-marzec.html",1,"10 prac plastycznych do zrobienia z dzieckiem w marcu - Magda M. i Thermomix",200,"text/html",1659.48,8393
"Google","https://www.magdam.com.pl/2019/01/5-miesnych-obiadow.html","https://www.magdam.com.pl/2022/07/magda-m-powraca-z-pasja-i-miloscia-do-thermomix.html",1,"Magda M. powraca - z pasją i miłością do Thermomix - Magda M. i Thermomix",200,"text/html",1588.42,8513
"Google","https://www.magdam.com.pl/2019/01/5-miesnych-obiadow.html","https://www.magdam.com.pl/2020/07/thermomix-czy-warto-jak-zaczac.html",1,"Thermomix - od czego zacząć i czy warto wydać 5 tysięcy na garnek - Magda M. i Thermomix",200,"text/html",1650.34,10292
"Google","https://www.magdam.com.pl/2019/01/5-miesnych-obiadow.html","https://www.magdam.com.pl/2020/06/sztuka-odpuszczania.html",1,"Najtrudniejsze w macierzyństwie. O sztuce odpuszczania - Magda M. i Thermomix",200,"text/html",1586.14,8784
"Google","https://www.magdam.com.pl/2019/01/5-miesnych-obiadow.html","https://www.magdam.com.pl/2020/08/zerowka-pierwsza-klasa-umiejetnosci-wyprawka-wskazowki.html",1,"Zerówka i pierwsza klasa - umiejętności dziecka, wyprawka, wskazówki - Magda M. i Thermomix",200,"text/html",1556.20,10018
"Google","https://www.magdam.com.pl/2019/01/5-miesnych-obiadow.html","https://www.magdam.com.pl/2020/05/co-moze-ci-dac-test-osobowosci.html",1,"Czy wiesz co może Ci dać test osobowości? + jak sobie radzę w dobie koronawirusa - Magda M. i Thermomix",200,"text/html",1553.06,9847
"Google","https://www.magdam.com.pl/2019/01/5-miesnych-obiadow.html","https://www.magdam.com.pl/2020/02/jakie-pieluchomajtki-wybrac-test-i-recenzja.html",1,"Jakie pieluchomajtki wybrać - największy test i recenzja - Magda M. i Thermomix",200,"text/html",1571.64,9156
"Google","https://www.magdam.com.pl/2019/01/5-miesnych-obiadow.html","https://www.magdam.com.pl/2019/08/jak-przygotowac-przedszkolaka-na-pojscie-do-szkoly.html",1,"Jak przygotować przedszkolaka na pójście do szkoły - Magda M. i Thermomix",200,"text/html",1555.42,9358
"Google","https://www.magdam.com.pl/2019/01/5-miesnych-obiadow.html","https://www.magdam.com.pl/2018/09/wszystko-co-musisz-wiedziec-o-noworodku.html",1,"Wszystko co musisz wiedzieć o noworodku przed zostaniem mamą - Magda M. i Thermomix",200,"text/html",1554.46,9181
"Google","https://mumandthecity.pl/pomysly-na-obiad-bez-miesa/","https://mumandthecity.pl/pomysly-na-obiad-bez-miesa/",0,"Pomysły na obiad bez mięsa – nie tylko dla wegetarian! – Mum and the city",200,"text/html",406.65,6039
"Google","https://mumandthecity.pl/pomysly-na-obiad-bez-miesa/","https://mumandthecity.pl/",1,"Mum and the city – Blog parentingowy dla wymagajacych",200,"text/html",127.91,1787
"Google","https://mumandthecity.pl/pomysly-na-obiad-bez-miesa/","https://mumandthecity.pl/fleksitarianizm-w-praktyce-czyli-jak-ograniczyc-spozycie-miesa-gdy-maz-sie-buntuje-przepisy-produkty-wskazowki/",1,"Fleksitarianizm w praktyce, czyli jak ograniczyć spożycie mięsa, gdy mąż się buntuje? Przepisy, produkty, wskazówki – Mum and the city",200,"text/html",234.09,6337
"Google","https://mumandthecity.pl/pomysly-na-obiad-bez-miesa/","https://mumandthecity.pl/category/health/",1,"Przepisy – Mum and the city",200,"text/html",160.91,2272
"Google","https://mumandthecity.pl/pomysly-na-obiad-bez-miesa/","https://mumandthecity.pl/tag/przepisy/",1,"przepisy – Mum and the city",200,"text/html",170.91,2277
"Google","https://mumandthecity.pl/pomysly-na-obiad-bez-miesa/","https://mumandthecity.pl/author/ilona/",1,"Ilona Kostecka – Mum and the city",200,"text/html",166.73,2277
"Google","https://mumandthecity.pl/pomysly-na-obiad-bez-miesa/","https://mumandthecity.pl/pad-thai-przepis/",1,"Patataj, czyli moje ulubione danie. Łatwy przepis, dzięki któremu też się w nim zakochasz! – Mum and the city",200,"text/html",205.47,6680
"Google","https://mumandthecity.pl/pomysly-na-obiad-bez-miesa/","https://mumandthecity.pl/czas-dla-siebie/",1,"Nie przysięgałaś na ślubnym kobiercu: „I że cię nie opuszczę aż do śmierci oraz będę robić za twoją mamę” – Mum and the city",200,"text/html",670.18,23285
"Google","https://mumandthecity.pl/pomysly-na-obiad-bez-miesa/","https://mumandthecity.pl/idealna-matka/",1,"Czego tak naprawdę potrzebuje twoje dziecko? Wcale nie idealnej mamy w idealnym domu! – Mum and the city",200,"text/html",195.26,4546
"Google","https://mumandthecity.pl/pomysly-na-obiad-bez-miesa/","https://mumandthecity.pl/o-mnie/policy/",1,"POLITYKA PRYWATNOŚCI I PLIKÓW COOKIES – Mum and the city",200,"text/html",145.10,2258
"Google","https://mumandthecity.pl/fleksitarianizm-w-praktyce-czyli-jak-ograniczyc-spozycie-miesa-gdy-maz-sie-buntuje-przepisy-produkty-wskazowki/","https://mumandthecity.pl/jak-nie-podjadac/",2,"10 sposobów, by przestać podjadać i zmienić dietę na zdrową. To działa! – Mum and the city",200,"text/html",290.16,6822
"Google","https://mumandthecity.pl/fleksitarianizm-w-praktyce-czyli-jak-ograniczyc-spozycie-miesa-gdy-maz-sie-buntuje-przepisy-produkty-wskazowki/","https://mumandthecity.pl/tag/zdrowie/",2,"zdrowie – Mum and the city",200,"text/html",147.10,2252
"Google","https://mumandthecity.pl/fleksitarianizm-w-praktyce-czyli-jak-ograniczyc-spozycie-miesa-gdy-maz-sie-buntuje-przepisy-produkty-wskazowki/","https://mumandthecity.pl/golabki-wegetarianskie/",2,"Przepis na najlepsze gołąbki wegetariańskie jakie jadłam! – Mum and the city",200,"text/html",301.49,11629
"Google","https://mumandthecity.pl/fleksitarianizm-w-praktyce-czyli-jak-ograniczyc-spozycie-miesa-gdy-maz-sie-buntuje-przepisy-produkty-wskazowki/","https://mumandthecity.pl/seriale-o-nastolatkach/",2,"Seriale o nastolatkach, które warto obejrzeć, jeśli jesteś rodzicem – Mum and the city",200,"text/html",168.73,5829
"Google","https://mumandthecity.pl/fleksitarianizm-w-praktyce-czyli-jak-ograniczyc-spozycie-miesa-gdy-maz-sie-buntuje-przepisy-produkty-wskazowki/","https://mumandthecity.pl/jak-wzmacniac-wiez-z-dzieckiem/",2,"15 pomysłów, jak wzmacniać więź z dzieckiem. Każdego dnia! – Mum and the city",200,"text/html",205.31,6331
"Google","https://mumandthecity.pl/category/health/","https://mumandthecity.pl/zdrowe-przekaski-dla-dziecka-i-nie-tylko/",2,"Zdrowe przekąski dla dziecka (i nie tylko!) – Mum and the city",200,"text/html",274.50,13732
"Google","https://mumandthecity.pl/category/health/","https://mumandthecity.pl/zdrowy-obiad/",2,"Zdrowy obiad nie musi być pracochłonny! Zdrowe i szybkie gotowanie – Mum and the city",200,"text/html",241.01,5758
"Google","https://mumandthecity.pl/category/health/","https://mumandthecity.pl/przepis-na-ramen/",2,"Przepis na ramen – wegetariański, którym można się do woli bawić! – Mum and the city",200,"text/html",172.58,4586
"Google","https://mumandthecity.pl/category/health/","https://mumandthecity.pl/kimchi-przepis/",2,"Podobno chroni przed koronką. Przepis na oryginalne, koreańskie kimchi! – Mum and the city",200,"text/html",224.95,7196
"Google","https://mumandthecity.pl/category/health/","https://mumandthecity.pl/category/ostatnie-wpisy/",2,"Ostatnie wpisy – Mum and the city",200,"text/html",152.48,2264
"Google","https://mumandthecity.pl/category/health/","https://mumandthecity.pl/gotowe-dania/",2,"Gotowe dania: kiedy nie chcesz stać w kuchni! – Mum and the city",200,"text/html",205.92,4475
"Google","https://mumandthecity.pl/category/health/","https://mumandthecity.pl/category/health/page/2/",2,"Przepisy – Strona 2 – Mum and the city",200,"text/html",135.54,2265
"Google","https://mumandthecity.pl/category/health/","https://mumandthecity.pl/category/health/page/13/",2,"Przepisy – Strona 13 – Mum and the city",200,"text/html",119.81,1666
"Google","https://mumandthecity.pl/tag/przepisy/","https://mumandthecity.pl/przepis-na-tarte/",2,"Kuchnia w czasach kryzysu, czyli przepis na francuską pizzę bez drożdży! – Mum and the city",200,"text/html",215.10,4575
"Google","https://mumandthecity.pl/tag/przepisy/","https://mumandthecity.pl/tag/przepisy/page/2/",2,"przepisy – Strona 2 – Mum and the city",200,"text/html",165.97,2272
"Google","https://mumandthecity.pl/tag/przepisy/","https://mumandthecity.pl/tag/przepisy/page/10/",2,"przepisy – Strona 10 – Mum and the city",200,"text/html",184.95,1912
"Google","https://mumandthecity.pl/author/ilona/","https://mumandthecity.pl/idealny-prezent/",2,"Lista najgorszych prezentów pod choinkę + jeden IDEALNY, który ucieszy każdego! – Mum and the city",200,"text/html",236.41,5001
"Google","https://mumandthecity.pl/author/ilona/","https://mumandthecity.pl/category/woman/",2,"Kobieta – Mum and the city",200,"text/html",157.58,2259
"Google","https://mumandthecity.pl/author/ilona/","https://mumandthecity.pl/majtki-menstruacyjne/",2,"Wypróbowałam majtki menstruacyjne, a teraz porozmawiajmy o okresie BEZ TABU! – Mum and the city",200,"text/html",274.37,6151
"Google","https://mumandthecity.pl/author/ilona/","https://mumandthecity.pl/spotykasz-siebie-po-porodzie-i-mozesz-cos-doradzic-co-mowisz-bo-ja-to/",2,"Spotykasz siebie po porodzie i możesz coś doradzić. Co mówisz? Bo ja to! – Mum and the city",200,"text/html",202.94,5698
"Google","https://cytryny-jak-maliny.blogspot.com/2013/09/pomys-na-obiad-z-niczego-czyli-pikantny.html","https://cytryny-jak-maliny.blogspot.com/2013/09/pomys-na-obiad-z-niczego-czyli-pikantny.html",0,"Kuchnia po mojemu: Pomysł na obiad z niczego, czyli pikantny sos warzywno - mięsny doskonały na danie główne, dodatek czy tam na dokładkę ;)",200,"text/html",685.74,8615
"Google","https://cytryny-jak-maliny.blogspot.com/2013/09/pomys-na-obiad-z-niczego-czyli-pikantny.html","https://cytryny-jak-maliny.blogspot.com/",1,"Kuchnia po mojemu",200,"text/html",415.13,15778
"Google","https://cytryny-jak-maliny.blogspot.com/2013/09/pomys-na-obiad-z-niczego-czyli-pikantny.html","https://cytryny-jak-maliny.blogspot.com/p/smaki.html",1,"Kuchnia po mojemu: Spin-Dżitsu smakuje świat",200,"text/html",309.45,8159
"Google","https://cytryny-jak-maliny.blogspot.com/2013/09/pomys-na-obiad-z-niczego-czyli-pikantny.html","http://cytryny-jak-maliny.blogspot.com/2013/09/indyk-z-kurczakiem-zapieczone-w-papryce.html",1,"Kuchnia po mojemu: Indyk z kurczakiem zapieczone w papryce na pełnoziarnistym penne z mozzarellą i pomidorami",200,"text/html",1298.50,8914
"Google","https://cytryny-jak-maliny.blogspot.com/2013/09/pomys-na-obiad-z-niczego-czyli-pikantny.html","https://cytryny-jak-maliny.blogspot.com/p/kontakt.html",1,"Kuchnia po mojemu: Współpraca i kontakt",200,"text/html",1120.04,8027
"Google","https://cytryny-jak-maliny.blogspot.com/2013/09/pomys-na-obiad-z-niczego-czyli-pikantny.html","https://cytryny-jak-maliny.blogspot.com/p/blog-page.html",1,"Kuchnia po mojemu: Po mojemu i o mnie",200,"text/html",319.40,8034
"Google","https://cytryny-jak-maliny.blogspot.com/2013/09/pomys-na-obiad-z-niczego-czyli-pikantny.html","https://cytryny-jak-maliny.blogspot.com/search/label/danie%20obiadowe",1,"Kuchnia po mojemu: danie obiadowe",200,"text/html",377.49,14040
"Google","https://cytryny-jak-maliny.blogspot.com/2013/09/pomys-na-obiad-z-niczego-czyli-pikantny.html","https://cytryny-jak-maliny.blogspot.com/search/label/kurczak",1,"Kuchnia po mojemu: kurczak",200,"text/html",363.40,13782
"Google","https://cytryny-jak-maliny.blogspot.com/2013/09/pomys-na-obiad-z-niczego-czyli-pikantny.html","https://cytryny-jak-maliny.blogspot.com/search/label/pikantne",1,"Kuchnia po mojemu: pikantne",200,"text/html",370.79,10150
"Google","https://cytryny-jak-maliny.blogspot.com/2013/09/pomys-na-obiad-z-niczego-czyli-pikantny.html","https://cytryny-jak-maliny.blogspot.com/search/label/ry%C5%BC",1,"Kuchnia po mojemu: ryż",200,"text/html",347.16,12141
"Google","https://cytryny-jak-maliny.blogspot.com/2013/09/pomys-na-obiad-z-niczego-czyli-pikantny.html","https://cytryny-jak-maliny.blogspot.com/2013/09/pomys-na-obiad-z-niczego-czyli-pikantny.html?showComment=1378401043784",1,"Kuchnia po mojemu: Pomysł na obiad z niczego, czyli pikantny sos warzywno - mięsny doskonały na danie główne, dodatek czy tam na dokładkę ;)",200,"text/html",372.40,8615
"Google","https://cytryny-jak-maliny.blogspot.com/2013/09/pomys-na-obiad-z-niczego-czyli-pikantny.html","https://cytryny-jak-maliny.blogspot.com/2013/09/pomys-na-obiad-z-niczego-czyli-pikantny.html?showComment=1378414926629",1,"Kuchnia po mojemu: Pomysł na obiad z niczego, czyli pikantny sos warzywno - mięsny doskonały na danie główne, dodatek czy tam na dokładkę ;)",200,"text/html",377.27,8615
"Google","https://cytryny-jak-maliny.blogspot.com/2013/09/pomys-na-obiad-z-niczego-czyli-pikantny.html","https://cytryny-jak-maliny.blogspot.com/2013/09/pomys-na-obiad-z-niczego-czyli-pikantny.html?showComment=1378424397486",1,"Kuchnia po mojemu: Pomysł na obiad z niczego, czyli pikantny sos warzywno - mięsny doskonały na danie główne, dodatek czy tam na dokładkę ;)",200,"text/html",419.32,8615
"Google","https://cytryny-jak-maliny.blogspot.com/2013/09/pomys-na-obiad-z-niczego-czyli-pikantny.html","https://cytryny-jak-maliny.blogspot.com/2013/09/pomys-na-obiad-z-niczego-czyli-pikantny.html?showComment=1379003783463",1,"Kuchnia po mojemu: Pomysł na obiad z niczego, czyli pikantny sos warzywno - mięsny doskonały na danie główne, dodatek czy tam na dokładkę ;)",200,"text/html",372.39,8622
"Google","https://cytryny-jak-maliny.blogspot.com/2013/09/pomys-na-obiad-z-niczego-czyli-pikantny.html","https://cytryny-jak-maliny.blogspot.com/2013/09/pomys-na-obiad-z-niczego-czyli-pikantny.html?showComment=1381919650769",1,"Kuchnia po mojemu: Pomysł na obiad z niczego, czyli pikantny sos warzywno - mięsny doskonały na danie główne, dodatek czy tam na dokładkę ;)",200,"text/html",506.87,8622
"Google","https://cytryny-jak-maliny.blogspot.com/2013/09/pomys-na-obiad-z-niczego-czyli-pikantny.html","https://cytryny-jak-maliny.blogspot.com/2013/09/chrupiace-placki-ziemniaczane-z-cebulka.html",1,"Kuchnia po mojemu: Chrupiące placki ziemniaczane z cebulką i sosem w męskim stylu, czyli fantastyczny obiad (prawie) bez mięsa",200,"text/html",455.17,8764
"Google","https://cytryny-jak-maliny.blogspot.com/2013/09/pomys-na-obiad-z-niczego-czyli-pikantny.html","https://cytryny-jak-maliny.blogspot.com/2013/09/zamiast-przekaski-smakowita-kolacja.html",1,"Kuchnia po mojemu: Zamiast przękąski smakowita kolacja, czyli pełnoziarnista pizza - pieróg z nadzieniem na winie",200,"text/html",391.67,9133
"Google","https://cytryny-jak-maliny.blogspot.com/2013/09/pomys-na-obiad-z-niczego-czyli-pikantny.html","https://cytryny-jak-maliny.blogspot.com/feeds/2754034577348672444/comments/default",1,"",200,"application/atom+xml",826.71,0
"Google","https://cytryny-jak-maliny.blogspot.com/2013/09/pomys-na-obiad-z-niczego-czyli-pikantny.html","https://cytryny-jak-maliny.blogspot.com/2013/10/delikatna-ryzanka-czyli-nieefektowna.html",1,"Kuchnia po mojemu: Delikatna ryżanka, czyli nieefektowna zupa efektywna na problemy żołądkowe",200,"text/html",383.18,8792
"Google","https://cytryny-jak-maliny.blogspot.com/2013/09/pomys-na-obiad-z-niczego-czyli-pikantny.html","https://cytryny-jak-maliny.blogspot.com/2020/07/szynka-pieczona-w-keczupie-i-coli.html",1,"Kuchnia po mojemu: Szynka pieczona w keczupie i coli. Sycący i pyszny obiad dla dużej rodzinki",200,"text/html",316.55,7716
"Google","https://cytryny-jak-maliny.blogspot.com/2013/09/pomys-na-obiad-z-niczego-czyli-pikantny.html","https://cytryny-jak-maliny.blogspot.com/2013/09/kluski-yzka-kadzione-z-maki.html",1,"Kuchnia po mojemu: Kluski łyżką kładzione z mąki pełnoziarnistej - idealne do gulaszu, klopsów i mięs duszonych",200,"text/html",405.78,8661
"Google","https://cytryny-jak-maliny.blogspot.com/2013/09/pomys-na-obiad-z-niczego-czyli-pikantny.html","https://cytryny-jak-maliny.blogspot.com/2014/06/kurczak-w-garnku-pieczony-bez-tuszczu.html",1,"Kuchnia po mojemu: Kurczak w garnku pieczony. Bez tłuszczu.",200,"text/html",298.65,8410
"Google","https://cytryny-jak-maliny.blogspot.com/2013/09/pomys-na-obiad-z-niczego-czyli-pikantny.html","https://cytryny-jak-maliny.blogspot.com/2014/02/kluski-slaskie-smazone-po-mezowsku.html",1,"Kuchnia po mojemu: Kluski śląskie smażone po Mężowsku. Uwaga: mega smaczna alternatywa dla frytek!",200,"text/html",922.74,8286
"Google","https://cytryny-jak-maliny.blogspot.com/2013/09/pomys-na-obiad-z-niczego-czyli-pikantny.html","https://cytryny-jak-maliny.blogspot.com/2022/02/galaretki-z-kolanek-wieprzowych-i-apek.html",1,"Kuchnia po mojemu: Galaretki z kolanek wieprzowych i łapek kurzych. Bomba kolagenowa mniam.",200,"text/html",317.44,7766
"Google","https://cytryny-jak-maliny.blogspot.com/2013/09/pomys-na-obiad-z-niczego-czyli-pikantny.html","https://cytryny-jak-maliny.blogspot.com/2016/11/prosty-roso-z-grzybow-opienka-miodowa.html",1,"Kuchnia po mojemu: Prosty rosół z grzybów. Opieńka miodowa",200,"text/html",330.93,8186
"Google","https://cytryny-jak-maliny.blogspot.com/2013/09/pomys-na-obiad-z-niczego-czyli-pikantny.html","https://cytryny-jak-maliny.blogspot.com/2020/09/indyk-w-cebuli-na-szybki-smaczny-obiad.html",1,"Kuchnia po mojemu: Indyk w cebuli na szybki smaczny obiad. Soczysta pierś z indyka?",200,"text/html",337.51,7414
"Google","https://cytryny-jak-maliny.blogspot.com/2013/09/pomys-na-obiad-z-niczego-czyli-pikantny.html","https://cytryny-jak-maliny.blogspot.com/2015/09/dietetyczne-mega-roladki-schabowe-dla.html",1,"Kuchnia po mojemu: Dietetyczne mega-roladki schabowe dla Teściowej. Odświętny obiad po cięciu brzucha ;)",200,"text/html",322.34,7801
"Google","https://cytryny-jak-maliny.blogspot.com/2013/09/pomys-na-obiad-z-niczego-czyli-pikantny.html","https://cytryny-jak-maliny.blogspot.com/2014/03/karkowka-pieczona-w-majonezie-i.html",1,"Kuchnia po mojemu: Karkówka pieczona w majonezie i keczupie. Obiad na niedzielę, świąteczny stół czy zwykły dzień",200,"text/html",346.50,9156
"Google","https://cytryny-jak-maliny.blogspot.com/2013/09/pomys-na-obiad-z-niczego-czyli-pikantny.html","https://cytryny-jak-maliny.blogspot.com/search/label/dodatki",1,"Kuchnia po mojemu: dodatki",200,"text/html",383.90,14052
"Google","https://cytryny-jak-maliny.blogspot.com/2013/09/pomys-na-obiad-z-niczego-czyli-pikantny.html","https://cytryny-jak-maliny.blogspot.com/search/label/obiad%20dla%20dziecka",1,"Kuchnia po mojemu: obiad dla dziecka",200,"text/html",465.24,13806
"Google","https://ammniam.pl/co-jesc-na-obiad-zamiast-miesa/","https://ammniam.pl/co-jesc-na-obiad-zamiast-miesa/",0,"Co jeść na obiad zamiast mięsa ? Oto pytanie, na które mam odpowiedź.",200,"text/html",1976.63,5357
"Google","https://ammniam.pl/co-jesc-na-obiad-zamiast-miesa/","https://ammniam.pl/o-mnie/",1,"O MNIE - Ammniam",200,"text/html",1655.88,2963
"Google","https://ammniam.pl/co-jesc-na-obiad-zamiast-miesa/","https://ammniam.pl/",1,"Home - Ammniam",200,"text/html",1980.56,3085
"Google","https://ammniam.pl/co-jesc-na-obiad-zamiast-miesa/","https://ammniam.pl/portfolio/",1,"Portfolio - Ammniam",200,"text/html",1846.50,3848
"Google","https://ammniam.pl/co-jesc-na-obiad-zamiast-miesa/","https://ammniam.pl/kategoria/przepisy/",1,"ammniam.pl",200,"text/html",2005.74,5780
"Google","https://ammniam.pl/co-jesc-na-obiad-zamiast-miesa/","https://ammniam.pl/wspolpraca-i-kontakt/",1,"Oferta - Ammniam",200,"text/html",1846.51,3102
"Google","https://ammniam.pl/co-jesc-na-obiad-zamiast-miesa/","https://ammniam.pl/kategoria/sniadania/",1,"ammniam.pl",200,"text/html",1966.41,5830
"Google","https://ammniam.pl/co-jesc-na-obiad-zamiast-miesa/","https://ammniam.pl/kategoria/na-chleb/",1,"ammniam.pl",200,"text/html",1885.72,5701
"Google","https://ammniam.pl/co-jesc-na-obiad-zamiast-miesa/","https://ammniam.pl/kategoria/lunche/",1,"ammniam.pl",200,"text/html",2068.08,5786
"Google","https://ammniam.pl/co-jesc-na-obiad-zamiast-miesa/","https://ammniam.pl/kategoria/dania-glowne-2/",1,"ammniam.pl",200,"text/html",2919.70,5808
"Google","https://ammniam.pl/co-jesc-na-obiad-zamiast-miesa/","https://ammniam.pl/kategoria/slodkosci/",1,"ammniam.pl",200,"text/html",3296.63,5875
"Google","https://ammniam.pl/co-jesc-na-obiad-zamiast-miesa/","https://ammniam.pl/kategoria/dodatki/",1,"ammniam.pl",200,"text/html",3609.34,5830
"Google","https://ammniam.pl/co-jesc-na-obiad-zamiast-miesa/","https://ammniam.pl/kontakt/",1,"KONTAKT - Ammniam",200,"text/html",2923.81,3234
"Google","https://ammniam.pl/co-jesc-na-obiad-zamiast-miesa/","https://ammniam.pl/moje-wakacyjne-gotowanie/",1,"Moje wakacyjne gotowanie. Jak celebrujemy lato i co jemy na urlopie.",200,"text/html",3090.53,5646
"Google","https://ammniam.pl/co-jesc-na-obiad-zamiast-miesa/","https://ammniam.pl/kategoria/artykuly/",1,"ammniam.pl",200,"text/html",5620.99,5615
"Google","https://ammniam.pl/co-jesc-na-obiad-zamiast-miesa/","https://ammniam.pl/product/roslinny-obiad-jesien-i-zima/",1,"'Roślinny obiad. Jesień i zima' - kup e-booka - Ammniam",200,"text/html",8065.89,4256
"Google","https://ammniam.pl/co-jesc-na-obiad-zamiast-miesa/","https://ammniam.pl/kategoria/lifestyle/",1,"ammniam.pl",200,"text/html",8381.84,5686
"Google","https://ammniam.pl/co-jesc-na-obiad-zamiast-miesa/","https://ammniam.pl/kategoria/zdrowe-odzywianie/",1,"ammniam.pl",200,"text/html",9718.01,5750
"Google","https://ammniam.pl/co-jesc-na-obiad-zamiast-miesa/","https://ammniam.pl/rozmowa-z-katarzyna-jankowska-mama-alergika-gotuje/",1,"Jak zmiana odżywiania zmienia życie - rozmowa z Katarzyną Jankowską",200,"text/html",8772.25,7317
"Google","https://ammniam.pl/co-jesc-na-obiad-zamiast-miesa/","https://ammniam.pl/jak-zmiana-odzywiania-zmienia-zycie-rozmowa-z-magda-wieczorek/",1,"Jak zmiana odżywiania zmienia życie - rozmowa z Magdą Wieczorek",200,"text/html",8851.37,5683
"Google","https://ammniam.pl/","http://ammniam.pl/wspolpraca-i-kontakt/",2,"Oferta - Ammniam",200,"text/html",8538.79,3115
"Google","https://ammniam.pl/","http://ammniam.pl/",2,"Home - Ammniam",200,"text/html",8331.05,3119
"Google","https://ammniam.pl/kategoria/przepisy/","https://ammniam.pl/salatka-ze-szparagami-bulgurem-i-wedzonym-tofu/",2,"Sałatka ze szparagami, bulgurem i wędzonym tofu - Ammniam.",200,"text/html",10051.14,7557
"Google","https://ammniam.pl/kategoria/przepisy/","https://ammniam.pl/makaron-z-sosem-porowo-groszkowo-smietanowym/",2,"Makaron w sosie porowo-groszkowo-śmietanowym z wędzonym tofu.",200,"text/html",9562.69,7579
"Google","https://ammniam.pl/kategoria/przepisy/","https://ammniam.pl/czekoladowe-medaliony-z-sezamem/",2,"Czekoladowe medaliony - pomysł na pyszny deser z trzech składników.",200,"text/html",9178.62,7035
"Google","https://ammniam.pl/kategoria/przepisy/","https://ammniam.pl/weganskie-gofry-z-fasoli/",2,"Wegańskie gofry z fasoli - pyszny pomysł na strączki.",200,"text/html",8571.63,6994
"Google","https://ammniam.pl/kategoria/przepisy/","https://ammniam.pl/weganski-ramen-po-mojemu/",2,"Wegański ramen po mojemu - nieco egzotyki w polskim wydaniu.",200,"text/html",8142.45,8050
"Google","https://ammniam.pl/kategoria/przepisy/","https://ammniam.pl/kotlety-mielone-z-tofu/",2,"Kotlety mielone z tofu - pyszny obiad jak u mamy gwarantowany",200,"text/html",7360.57,7801
"Google","https://ammniam.pl/kategoria/przepisy/","https://ammniam.pl/weganski-kebeb-z-tofu-z-surowka-z-czerwonej-kapusty/",2,"Wegański kebab z tofu z surówką z czerwonej kapusty",200,"text/html",6640.15,7204
"Google","https://ammniam.pl/kategoria/przepisy/","https://ammniam.pl/roslinna-uczta-smakow-moja-trzecia-ksiazka/",2,"Roślinna uczta smaków - moja trzecie książka już dostępna",200,"text/html",5767.60,5329
